hull_type,make,variant,n,predicted_median_usd,prediction_low_95_usd,prediction_high_95_usd,within_variant_sigma_log
monohull,Alliage,44,1,204712.12732712482,117017.4522618431,358126.5380912926,0.20177134958507498
monohull,Alliage,AZZURO 53,1,431829.9162398666,246842.41851527442,755449.8845107983,0.20177134958507498
monohull,Allures,44,3,245420.8885218018,165939.5172034997,362972.0848769612,0.17291844454686806
monohull,Alubat,CIGALE 16,1,354470.3927915628,202622.20322902862,620115.9466407563,0.20177134958507498
monohull,Alubat,Ovni 395,3,183851.74639613024,129472.31626127024,261070.9812644188,0.1549401730771793
monohull,Amel,54,3,439182.20910733665,401859.15533925913,479971.6772249859,0.039241870886552635
monohull,Archambault,40 RC,6,134404.95392697921,116411.21208219446,155179.9978455552,0.06789115908516052
monohull,Azuree,40,1,153778.95151799888,87903.05368366597,269023.2584532986,0.20177134958507498
monohull,Azuree,46,1,361584.9960115414,206689.04945609867,632562.3427303861,0.20177134958507498
monohull,B-Yachts,38,1,149772.0030703958,85612.60365119771,262013.441328213,0.20177134958507498
monohull,B-Yachts,Brenta B42,1,324083.0483529829,185252.203348545,566955.8598023917,0.20177134958507498
monohull,Bavaria,38 Cruiser,11,74150.11320130847,50406.39566449489,109078.20754261337,0.18854159214188543
monohull,Bavaria,39 Cruiser,23,84863.61969618803,57937.65971333333,124303.15590192641,0.19063350495639153
monohull,Bavaria,40 Cruiser,28,109574.81620845052,75875.37679134787,158241.5910781327,0.18424657892742172
monohull,Bavaria,40S Cruiser,10,111834.17662992123,77441.661084256,161500.7075956831,0.17877049736550982
monohull,Bavaria,41 Cruiser,23,175379.2949583133,128618.46007010409,239140.6107903198,0.15488342537209257
monohull,Bavaria,42 Cruiser,11,102075.91413970923,71657.3990150273,145407.0673884244,0.17283531678201128
monohull,Bavaria,42 Match,4,77197.73611270598,55949.72963661063,106515.08952113694,0.14690351881569552
monohull,Bavaria,42 Vision,1,155222.78741094773,88728.37849408668,271549.12712881406,0.20177134958507498
monohull,Bavaria,44 Vision,3,134807.24971683032,108817.13024576072,167004.9057089872,0.09463413472264397
monohull,Bavaria,45 Cruiser,20,160351.9899052126,117313.00866849611,219180.8134357946,0.1556091016590269
monohull,Bavaria,46 Cruiser,1,158917.03893155514,90840.08485267054,278011.9074495885,0.20177134958507498
monohull,Bavaria,47 Cruiser,4,145256.8032856353,61134.99016690712,345130.3229649182,0.3949255919842909
monohull,Bavaria,49 Cruiser,2,146888.48361094279,97119.0729846302,222162.60878990064,0.17235405571911944
monohull,Bavaria,50 Cruiser,40,140901.11294939157,91576.92951307762,216791.75897180612,0.2171387145970503
monohull,Bavaria,51 Cruiser,30,222215.94333213166,148474.73831186118,332581.32684679294,0.20238657911875382
monohull,Bavaria,51 Cruiser Style,1,284659.57024873054,162716.97288958772,497987.82201519894,0.20177134958507498
monohull,Bavaria,56 Cruiser,29,277967.33236609405,189719.95947610994,407262.56781881786,0.1915993107907838
monohull,Bavaria,C45 Holiday,3,279930.23167938256,234642.07875772225,333959.4288583836,0.07797724353012586
monohull,Bavaria,Cruiser 46,76,124959.16718284569,89905.8163119568,173679.4581659755,0.16687733538009103
monohull,Bavaria,Cruiser 46 Style,1,223120.3754605287,127539.96661065143,390330.2099617276,0.20177134958507498
monohull,Bavaria,Cruiser 46S,1,240384.21896973773,137408.3169134482,420531.8428147884,0.20177134958507498
monohull,Bavaria,Cruiser 50,3,169819.95777277573,117974.14434356785,244450.32611520417,0.16095405527460954
monohull,Bavaria,Vision 46,8,242116.0252766334,187080.15879488277,313342.52693267877,0.12404667132679179
monohull,Beneteau,40,1,144219.84934389734,82438.88408644157,252300.41836771107,0.20177134958507498
monohull,Beneteau,41.1,1,177362.32659415068,101383.77172015463,310280.3768409869,0.20177134958507498
monohull,Beneteau,423,4,115660.17526881359,80779.07763887623,165603.22962606655,0.16379808346388844
monohull,Beneteau,43,7,159705.24471264987,117437.49061662793,217185.88378212528,0.1467186418542648
monohull,Beneteau,523,2,293111.7164743199,224670.5975472899,382401.96657881927,0.1107763001115245
monohull,Beneteau,56,2,307596.8885511639,197689.2821750872,478608.8795777955,0.18416730505693835
monohull,Beneteau,America 50,2,165917.1034569787,23640.537063862717,1164461.0757017964,0.8117164834042905
monohull,Beneteau,Cyclades 39.3,25,86060.78280750218,59182.984108515295,125145.0640586137,0.18732080349038355
monohull,Beneteau,Cyclades 43,1,118314.56866325805,67630.919434048,206981.3226718533,0.20177134958507498
monohull,Beneteau,Cyclades 43.3,6,108614.05359942862,96454.71397710391,122306.23214641317,0.05608164377269096
monohull,Beneteau,Cyclades 43.4,10,107051.40107552634,88933.85547637669,128859.84095536372,0.0901976613812368
monohull,Beneteau,Cyclades 50.5,21,161355.6499888466,102881.72333988144,253063.85758441722,0.22432857243462423
monohull,Beneteau,First 40,11,123801.52056891275,62217.13078131631,246343.994052801,0.33610051992266343
monohull,Beneteau,First 40 CR,2,131918.22691408923,107828.77887536072,161389.3690873806,0.08399818938787185
monohull,Beneteau,First 40.7,4,119612.73108878842,69043.42953008536,207220.3761588134,0.25076980451274233
monohull,Beneteau,First 44.7,9,157013.21174260692,126225.45217709891,195310.44045807375,0.10564282707591378
monohull,Beneteau,First 45,8,172709.9583379451,115526.55251444131,258198.04244020887,0.19342653494394632
monohull,Beneteau,First 47.7,1,146215.47607678865,83579.62332352351,255791.5984091883,0.20177134958507498
monohull,Beneteau,First 50,11,226823.98580532213,182482.35410702837,281940.249995007,0.10625528252629841
monohull,Beneteau,First 50 Sport,1,202598.33319153712,115809.16622826953,354428.6341815451,0.20177134958507498
monohull,Beneteau,Moorings 42.3,1,151142.16212227027,86395.81333954043,264410.4186069364,0.20177134958507498
monohull,Beneteau,Moorings 43.5,1,170988.54532511756,97740.39379665392,299129.98604473285,0.20177134958507498
monohull,Beneteau,OCEANIS 55,1,365525.8347080114,208941.70986296798,639456.5064419856,0.20177134958507498
monohull,Beneteau,Oceanis 38,14,167297.2132719401,135817.47964356464,206073.30987151893,0.1027507755193175
monohull,Beneteau,Oceanis 38.1,5,180084.5297233786,98829.41746376938,328145.59346744453,0.27946474235503366
monohull,Beneteau,Oceanis 40,35,111047.80414212863,80533.09209879088,153124.8146992944,0.16163202580835903
monohull,Beneteau,Oceanis 41,24,184192.969226719,127588.95321704776,265908.9917826985,0.18354684517022124
monohull,Beneteau,Oceanis 41 Owners Version,1,181058.71768012294,103496.70109611031,316746.90015025524,0.20177134958507498
monohull,Beneteau,Oceanis 41.1,5,199532.74800070561,125779.09810727938,316533.6540317339,0.2149211126199915
monohull,Beneteau,Oceanis 423,12,149748.4917544178,134002.8912764707,167344.23092750408,0.0544578476107073
monohull,Beneteau,Oceanis 43,33,124142.16768879599,87795.75718413042,175535.56450514693,0.17412341837159725
monohull,Beneteau,Oceanis 43 Family,2,135365.07160251515,94877.22670277991,193130.6726255434,0.14804901690463268
monohull,Beneteau,Oceanis 43.4,1,129676.9288545414,74125.86655137588,226858.81001459487,0.20177134958507498
monohull,Beneteau,Oceanis 45,44,212683.86362645018,143035.2872450552,316246.6180081603,0.20014427379514124
monohull,Beneteau,Oceanis 46,23,164246.85584187406,118655.58511220348,227355.75091919402,0.16239771756416857
monohull,Beneteau,Oceanis 46 Family,2,166462.24437690424,161172.451698211,171925.65175394528,0.013452865491357713
monohull,Beneteau,Oceanis 46 Owner Version,1,159831.1779348978,91362.6245701803,279611.1162550258,0.20177134958507498
monohull,Beneteau,Oceanis 46.1,4,345611.43696209573,243845.47050203927,489848.20227778534,0.15916259871383454
monohull,Beneteau,Oceanis 473,9,156016.86608392154,103354.49679386012,235512.3701216097,0.19931996874723854
monohull,Beneteau,Oceanis 48,23,246866.81009884377,177924.3716596806,342523.1819559036,0.16356891459025621
monohull,Beneteau,Oceanis 49,7,252741.79834021634,187956.98288207102,339856.5759502828,0.14134076678423899
monohull,Beneteau,Oceanis 50,38,203213.44347483612,150467.37211025768,274449.55693544145,0.15134331100970705
monohull,Beneteau,Oceanis 50 F G5,1,195296.84869308388,111635.49501057451,341655.30511452886,0.20177134958507498
monohull,Beneteau,Oceanis 50 Family,4,206888.2540690707,157055.28630209915,272533.00846821774,0.12575871129508914
monohull,Beneteau,Oceanis 50.5,4,203959.21459230152,192087.06891621073,216565.13086393304,0.027367323691238347
monohull,Beneteau,Oceanis 51,1,174796.41404458668,99917.04596630191,305791.53003733885,0.20177134958507498
monohull,Beneteau,Oceanis 51.1,6,433068.2340503769,330796.23889977444,566959.5759833772,0.12724958292115549
monohull,Beneteau,Oceanis 523,6,245497.47135634438,138834.17395587312,434107.8765053549,0.269246632685641
monohull,Beneteau,Oceanis 523 A,1,218848.81922797012,125098.26159759932,382857.4839156347,0.20177134958507498
monohull,Beneteau,Oceanis 54,22,238036.23009626142,180424.6328427748,314043.85280260444,0.13827483545730135
monohull,Beneteau,Oceanis 55,16,444758.1189181415,354124.14092996257,558588.8152785547,0.11279542399763232
monohull,Beneteau,Oceanis 55.1,3,602776.2252954466,551399.7382915191,658939.6993680354,0.03936262268931158
monohull,Beneteau,Oceanis Clipper 423,8,112403.11457987799,78698.15216108072,160543.28875977607,0.17147193752945203
monohull,Beneteau,Oceanis Clipper 473,4,147594.33468581672,138695.29843696556,157064.35529427367,0.02837894226358602
monohull,Beneteau,Oceanis Clipper 523,7,214068.1316722169,171450.13492457123,267279.84214065614,0.10595088516441496
monohull,Beneteau,Sense 43,2,183542.4428639782,174313.24721881037,193260.28784369642,0.021492183332484593
monohull,Beneteau,Sense 46,1,206132.14222182808,117829.16052418026,360610.7339468,0.20177134958507498
monohull,Beneteau,Sense 50,12,324457.6475643879,252626.8119612717,416712.55812370026,0.12266551704382883
monohull,Beneteau,Sense 51,1,424599.90985188325,242709.60558227843,742801.6003475018,0.20177134958507498
monohull,Beneteau,Sense 55,2,370502.45743398176,346771.23546629096,395857.7209555302,0.02757541351773707
monohull,Bestevaer,49ST,2,468256.88075025426,318739.84120830277,687910.5716397222,0.16023404245883732
monohull,Bestevaer,53ST,1,440378.66312852094,251729.0492879748,770405.1935500143,0.20177134958507498
monohull,Boreal,44,1,328947.78954202303,188032.98447415495,575466.3127173629,0.20177134958507498
monohull,Boreal,47,1,449115.44159800134,256723.16258660232,785689.4479232088,0.20177134958507498
monohull,C&C,115,5,138591.01160078324,120366.06139778896,159575.45069993677,0.06566598339118922
monohull,C&C,121,1,160772.52690838798,91900.71803833668,281257.92659994063,0.20177134958507498
monohull,Cabo Rico,42,3,264597.49869127164,201652.9437758211,347189.7558386756,0.1200336301456996
monohull,Caliber,40 LRC SE,1,192256.4399708223,109897.53797227357,336336.36742235126,0.20177134958507498
monohull,Caliber,47 LRC SE,2,308757.5710715662,264353.53683629725,360620.2467911287,0.06468196239851132
monohull,Caliber,47LRC,1,310802.10844487266,177660.5585740941,543721.9796508284,0.20177134958507498
monohull,Catalina,375,1,144151.05788537828,82399.56154449751,252180.073534157,0.20177134958507498
monohull,Catalina,385,3,214584.30474609334,198818.45270156232,231600.35307428194,0.03371780652742247
monohull,Catalina,387,4,143954.13765143126,116355.54533101055,178098.89239068585,0.09712941311356024
monohull,Catalina,400 MK II,1,158741.44416059327,90739.71145028961,277704.7192617045,0.20177134958507498
monohull,Catalina,42 MK II,6,179515.0430594259,132835.28431789248,242598.57499538505,0.1422499498474087
monohull,Catalina,42 Mk II,2,150285.63879697354,106791.57988426657,211493.95161202145,0.14232812579420528
monohull,Catalina,425,1,346484.84027761524,198057.50536629735,606145.898486275,0.20177134958507498
monohull,Catalina,445,8,274167.6312989139,240733.70944185834,312244.9707036631,0.06255650063072908
monohull,Catalina,470,4,271288.188798236,237777.18028589187,309522.0546098558,0.06016741678428798
monohull,Catalina,Morgan 440,6,223170.91140841946,173074.91460945774,287767.03897991107,0.12007951104302891
monohull,Catalina,Morgan 440 DS Sloop,1,175907.92934340544,100552.40983123792,307736.0319640145,0.20177134958507498
monohull,Comar,Comet 41S,8,133849.21019899994,99534.01540672014,179994.85902069294,0.14248654775125105
monohull,Comar,Comet 450,1,164643.30578751134,94113.33088457109,288029.52659158246,0.20177134958507498
monohull,Comar,Comet 45S,2,187569.58694284753,123075.20265251459,285860.58919799485,0.17552774165395935
monohull,Comar,Comet 45s,4,177762.17128334285,123556.00446405644,255749.52570241998,0.16599473894611602
monohull,Comar,Comet 51S,1,225172.3545328013,128712.91794610534,393919.9736507858,0.20177134958507498
monohull,Comar,Comet 52 RS,4,263556.20706925547,250701.5080631462,277070.029699368,0.022818678628805256
monohull,Contest,42CS,2,466889.1515655412,459420.13778023486,474479.5926944434,0.00671807655721679
monohull,Contest,45CS,2,340870.91546841746,340870.91546841746,340870.91546841746,0.0
monohull,Contest,50CS,1,347957.8177300543,198899.48806157816,608722.7478533161,0.20177134958507498
monohull,Contest,55CS,1,475148.013030538,271603.8891201702,831231.228014482,0.20177134958507498
monohull,Dehler,37,1,181885.4300530586,103969.26604327481,318193.1634663683,0.20177134958507498
monohull,Dehler,38 Competition,1,214667.76046034595,122708.28670391557,375543.0755239288,0.20177134958507498
monohull,Dehler,39 SQ,2,152528.08755363477,112418.74876196371,206947.84232148298,0.1271060357863627
monohull,Dehler,41,5,191479.8508052027,174836.1645829972,209707.94773399134,0.04235220538042584
monohull,Dehler,41 CR,2,156581.30428975957,139074.7651274271,176291.5423989245,0.049391262961203886
monohull,Dehler,42,3,263637.1847833176,207092.29842736037,335621.19754469075,0.10666661598620875
monohull,Dehler,44,1,183612.71576680397,104956.61631015848,321214.90360963636,0.20177134958507498
monohull,Dehler,44 SQ,1,185488.79969334576,106029.0225431439,324496.95363057865,0.20177134958507498
monohull,Dehler,45,1,225072.61520650896,128655.9049981895,393745.488142267,0.20177134958507498
monohull,Dehler,46,5,408315.4600187046,316043.5759411448,527526.9854601761,0.11930662250115381
monohull,Dehler,47,3,211082.4596364349,199474.4795793015,223365.94064632675,0.024992147657836014
monohull,Dehler,47 SQ,2,230325.43622805274,197772.75808423248,268236.1670410067,0.06347617875908096
monohull,Dehler,Varianta 44,1,235766.32065550514,134768.63599863724,412453.22061430186,0.20177134958507498
monohull,Delphia,40,5,113558.28916768965,58387.73707780055,220859.47639158598,0.30982204974865296
monohull,Delphia,46 cc,1,260842.01558062623,149102.39322223334,456321.0262544473,0.20177134958507498
monohull,Discovery,55,2,730858.6751165811,462424.1138031357,1155117.9686545625,0.19068429696638578
monohull,Dufour,380,1,118669.20998235173,67833.6393420914,207601.73763959087,0.20177134958507498
monohull,Dufour,382 GL,3,129332.97419174234,118143.87557621543,141581.76318239345,0.03998170105477658
monohull,Dufour,385,3,90936.182605881,69888.201006637,118323.11016483059,0.11632185182109676
monohull,Dufour,385 GL,5,98798.6610338829,86386.92448408324,112993.66750678323,0.06252594156410117
monohull,Dufour,390,2,217136.27027951737,201220.9274327662,234310.41926120332,0.03171076268910333
monohull,Dufour,40,1,104698.36938471414,59847.63385215061,183160.9346310713,0.20177134958507498
monohull,Dufour,40 Performance,4,112573.91870090646,87021.06607135243,145630.10709713938,0.11748932405016287
monohull,Dufour,405,1,117951.85859069602,67423.58726885052,206346.79210293439,0.20177134958507498
monohull,Dufour,405 GL,6,127946.10618128744,84487.97115624572,193757.83159332172,0.19602821592485892
monohull,Dufour,40e,1,132465.37779115507,75719.79845265187,231736.96538991385,0.20177134958507498
monohull,Dufour,40e Performance,3,149514.70966813478,123391.56486789817,181168.36779790669,0.0848492928472665
monohull,Dufour,410,3,159130.11636580052,137485.71103272116,184182.00512900256,0.0645994053464514
monohull,Dufour,410 GL,8,176066.97812111527,121402.78737542045,255344.88503002483,0.17882136022888692
monohull,Dufour,412,7,187680.34035201583,151738.16264546913,232136.1320088469,0.10145607907176095
monohull,Dufour,412 GL,6,180119.18854250424,147614.8960342195,219780.81448967996,0.09400473171307518
monohull,Dufour,425,1,140469.00479055094,80294.8280444591,245738.63332670077,0.20177134958507498
monohull,Dufour,425 GL,4,145365.27274217492,117170.07504938703,180345.2162209522,0.09839757122274713
monohull,Dufour,430,1,279106.13016869186,159542.5180200113,488272.5486880669,0.20177134958507498
monohull,Dufour,430 GL,4,277410.49842424714,208910.55711946657,368370.97031904047,0.12941455570745625
monohull,Dufour,44,2,140351.1303332793,115780.41909651352,170136.19349061698,0.0801715901748743
monohull,Dufour,44 Performance,2,136657.18779413428,130639.36572556633,142952.2171366951,0.018760640899564862
monohull,Dufour,445,1,198436.9924493285,113430.46254322343,347148.7208061935,0.20177134958507498
monohull,Dufour,445 GL,6,190341.24158713748,111784.12085757486,324104.96205533284,0.2514116207215401
monohull,Dufour,45 Performance,1,183043.09226255625,104631.00838411208,320218.395506989,0.20177134958507498
monohull,Dufour,450 GL,4,199263.6058047612,169736.63952742025,233927.010154463,0.0731881221059878
monohull,Dufour,450 Liberty version,1,201272.52686628437,115051.30942516084,352109.2482436345,0.20177134958507498
monohull,Dufour,455,5,147397.34837920274,128917.27384334094,168526.51054056003,0.06239243637461323
monohull,Dufour,455 GL,11,148349.6797725258,103384.1891807937,212872.27440672752,0.17640113159570028
monohull,Dufour,45e Performance,4,173878.56429599223,119401.72220412442,253210.37723349652,0.17152171247864556
monohull,Dufour,460,8,237691.66193400064,172985.37684083483,326601.746255875,0.15285398934620023
monohull,Dufour,460 GL,19,246860.00782926776,170725.71675382747,356946.01038539753,0.1833805315463173
monohull,Dufour,460 Performance,1,274813.2068393689,157088.59915691405,480762.4427148871,0.20177134958507498
monohull,Dufour,485,2,196647.6116884795,157270.14025682726,245884.457911929,0.09308410470358286
monohull,Dufour,485 GL,5,195089.36339614552,172955.86150028268,220055.33307844045,0.056086278171359846
monohull,Dufour,500,2,269009.32757003297,268996.8120408896,269021.8436814824,1.9381629125625466e-05
monohull,Dufour,500 GL,5,298533.8102952808,200791.36025561334,443855.92973703257,0.18472447820907104
monohull,Dufour,512 GL,3,350043.95228042844,202976.28727509856,603670.3605778049,0.24079463597978915
monohull,Dufour,520,5,408249.49008185463,308233.3396563287,540719.0745099927,0.1308858457960983
monohull,Dufour,520 GL,3,414174.0859748607,356073.8469750193,481754.4870268045,0.06678480311546406
monohull,Dufour,520 GL Owner Version,1,411721.2497800201,235347.91182318053,720271.4747168851,0.20177134958507498
monohull,Dufour,525 GL,8,266672.3933618449,180740.4532489367,393460.1474269175,0.18709894949475916
monohull,Dufour,56 Exclusive,1,482334.60581310705,275711.88598796574,843803.5637500224,0.20177134958507498
monohull,Elan,394 Impression,1,125438.35645459856,71703.01574158431,219443.78639161628,0.20177134958507498
monohull,Elan,40 E5,1,167477.1734913511,95733.22504072207,292987.13825551234,0.20177134958507498
monohull,Elan,40 Impression,6,163559.22123216128,148837.1875895943,179737.46536945025,0.04455373491446277
monohull,Elan,410,2,99410.28657351268,96483.47676079939,102425.88066274032,0.012449001126404013
monohull,Elan,434 Impression,2,114418.77946646429,81307.23313992411,161014.66731828835,0.14231628742038893
monohull,Elan,444 Impression,6,146075.58037452665,116825.74717089479,182648.73710194277,0.10554381132588476
monohull,Elan,45 Impression,9,166991.307963702,146432.95437062447,190435.9374246302,0.06358796103901651
monohull,Elan,450,9,162331.870217973,127312.64117903779,206983.65727411883,0.11761592493331531
monohull,Elan,494 Impression,2,211857.09857445376,157137.7279188292,285631.15179806296,0.12446961960453518
monohull,Elan,50,2,332722.78989022516,313687.4713724228,352913.2178215112,0.02454176447532408
monohull,Elan,50 Impression,6,263037.73880223784,228134.87294084672,303280.4723902704,0.06724501260409373
monohull,Elan,514 IMPRESSION,2,194858.65932824777,112931.15724984674,336221.6242165857,0.2272426904591045
monohull,Elan,GT5,1,239101.749153673,136675.2321058305,418288.27043131203,0.20177134958507498
monohull,Elan,IMPRESSION 394,1,119345.45117952167,68220.1920248295,208784.76437092948,0.20177134958507498
monohull,Elan,Impression 384,5,82755.08703666073,54473.89017713026,125719.02627436095,0.19476007172593376
monohull,Elan,Impression 40,4,169484.31472120265,127226.93239967339,225777.1400655842,0.13087296207536472
monohull,Elan,Impression 434,16,130432.8084271473,74807.09234977444,227421.18400547898,0.27517672193335463
monohull,Elan,Impression 444,1,165873.0657875412,94816.28573134019,290180.8876137367,0.20177134958507498
monohull,Elan,Impression 45,7,218143.19594946998,164986.54471503373,288426.27149529447,0.1332907152019418
monohull,Elan,Impression 494,2,202980.175162985,186802.3914289114,220559.01529973347,0.03459987043703627
monohull,Elan,Impression 50,4,289836.8674545568,266761.7803413144,314907.96630757116,0.03785899789617265
monohull,Grand Soleil,37 B&C,1,146149.85177683743,83542.11119130632,255676.794251452,0.20177134958507498
monohull,Grand Soleil,39,5,210974.53780120774,113394.09298325176,392527.1099175102,0.28916963632598425
monohull,Grand Soleil,40,4,138559.38325737335,96719.02715929104,198499.74976531186,0.16404928496318885
monohull,Grand Soleil,40 B&C,1,173018.35122049748,98900.67051090971,302680.95963775355,0.20177134958507498
monohull,Grand Soleil,43,7,197039.62134420517,124398.85152457627,312097.8361427843,0.21949396655972805
monohull,Grand Soleil,43 BC,1,184214.742356122,105300.74647282007,322268.098166727,0.20177134958507498
monohull,Grand Soleil,43 Maletto,1,333361.5122907638,190555.95464593405,583187.7470492695,0.20177134958507498
monohull,Grand Soleil,43 Maletto - GS 43,1,310381.9604927803,177420.3937945629,542986.9663737275,0.20177134958507498
monohull,Grand Soleil,45,9,188799.22588652113,151486.6648547495,235302.21441951604,0.10657515586051786
monohull,Grand Soleil,45 RACING,1,202154.6271781222,115555.53520053807,353652.4080703258,0.20177134958507498
monohull,Grand Soleil,46,3,292121.9555951872,233115.2326069028,366064.6109928625,0.09969829347077412
monohull,Grand Soleil,46 Jezequel,1,245709.19510279375,140452.17732651308,429847.4378059085,0.20177134958507498
monohull,Grand Soleil,46 LC,3,409639.1059441383,383291.60658849846,437797.73476455855,0.029374374685797837
monohull,Grand Soleil,47,1,355744.8532267517,203350.70971802628,622345.5072903762,0.20177134958507498
monohull,Grand Soleil,48 Ocean Cruiser,1,269510.98767414055,154057.74707135357,471486.6591126279,0.20177134958507498
monohull,Grand Soleil,50,15,286223.9763231857,196718.55744635023,416453.66703442927,0.18525139998630125
monohull,Grand Soleil,54,5,391524.46905880613,324632.35473733355,472200.0368564962,0.08726053495886159
monohull,Grand Soleil,56,4,412361.3459284032,306593.2315608055,554617.1999630736,0.13524931444532076
monohull,Grand Soleil,56 EXTREME,1,470302.7619412582,268834.24891643954,822754.871379225,0.20177134958507498
monohull,Hallberg-Rassy,40,4,267622.1826626755,168224.6649270758,425749.89038725046,0.21186782529529294
monohull,Hallberg-Rassy,412,2,383690.31138101575,321341.1706601471,458136.922652093,0.07387309085985905
monohull,Hallberg-Rassy,43,2,336233.1342622414,265884.9448594305,425194.1404037743,0.09778841880216493
monohull,Hallberg-Rassy,44,1,626550.6129091149,358148.57377043227,1096097.2604302932,0.20177134958507498
monohull,Hallberg-Rassy,48,1,523567.5755341641,299281.4572143817,915937.1539492419,0.20177134958507498
monohull,Hallberg-Rassy,54,5,770198.8951454704,657513.6097220884,902196.2881255554,0.0736739580690283
monohull,Hanse,385,1,186456.83223165383,106582.36885837399,326190.4446134065,0.20177134958507498
monohull,Hanse,388,1,195556.3111960822,111783.80884744764,342109.21280029486,0.20177134958507498
monohull,Hanse,400,17,115069.75881308984,90442.75058930262,146402.5508625872,0.11940633329253147
monohull,Hanse,400 Epoxy,1,119296.71017221372,68192.33071260378,208699.49610451952,0.20177134958507498
monohull,Hanse,400e,3,113587.87422872562,75641.88339586135,170569.5917733682,0.17964133591292755
monohull,Hanse,411,6,104202.95556156464,81931.5250076023,132528.42476394642,0.11358143111134529
monohull,Hanse,415,15,176953.44406089836,132956.4273406537,235509.64771929567,0.14121826475512841
monohull,Hanse,418,3,231432.57273024324,136578.86516502235,392161.96192451764,0.23302550010518758
monohull,Hanse,430,2,146105.8113072191,139827.84388033103,152665.64587815607,0.01829581995129992
monohull,Hanse,430e,8,141415.9880821265,98637.66229435398,202746.9145159258,0.17329054233751048
monohull,Hanse,445,19,174028.23102614924,118836.75823339602,254852.33394375545,0.18969786091469645
monohull,Hanse,455,25,265939.19000766677,178529.72521143634,396144.97080625896,0.19937434382015673
monohull,Hanse,461,9,172291.21854475787,105198.27525180938,282174.43600271345,0.23878710541132353
monohull,Hanse,470,6,217174.77803627605,172130.1135062971,274007.1638503877,0.10980027681065409
monohull,Hanse,470e,9,187687.25065877428,152481.3065392036,231021.78791203292,0.10054833329475095
monohull,Hanse,495,8,246883.621526455,149115.9861435714,408752.43596841936,0.24252926768751304
monohull,Hanse,505,15,306356.70753500983,194611.30582649147,482266.08342769573,0.22415181002117768
monohull,Hanse,508,2,410667.5415821704,367854.92059963883,458462.8892124958,0.04586351399769306
monohull,Hanse,531,6,237966.9374111024,133460.1396968223,424308.4371817712,0.27317781220061754
monohull,Hanse,540,3,245328.0521347005,222410.35155244678,270607.248017473,0.04333317048273266
monohull,Hanse,540e,11,266428.11974149186,223103.85569946206,318165.46946910466,0.08668970209888119
monohull,Hanse,545,1,330995.88261422276,189203.71449603082,579049.2781782394,0.20177134958507498
monohull,Hanse,548,4,564102.7190782551,380689.76609118533,835882.4061355529,0.17945658460049596
monohull,Hanse,575,3,420276.30185286485,285525.307825994,618621.7650687703,0.17081100102453123
monohull,Hanse,588,1,573346.2337455114,327735.91097322904,1003020.7027786296,0.20177134958507498
monohull,Harmony,38,1,91668.89238181035,52399.73018815477,160366.9675460946,0.20177134958507498
monohull,Harmony,42 Elegance,1,114242.09285853215,65303.012683777626,199856.87098230363,0.20177134958507498
monohull,Harmony,47,1,151206.57377654003,86432.63229978978,264523.1013437022,0.20177134958507498
monohull,Hunter,38,23,107199.92522259844,82312.16934272792,139612.6971199304,0.13194609864934415
monohull,Hunter,380,1,108560.77185195086,62055.458577667065,189917.88079917198,0.20177134958507498
monohull,Hunter,39,2,148002.15874342495,144922.38360897364,151147.3828074521,0.008760069389420977
monohull,Hunter,40,2,179954.49865628773,166605.33510815498,194373.2568084535,0.03210842852965623
monohull,Hunter,41,1,128786.95197219134,73617.13837437773,225301.87079453588,0.20177134958507498
monohull,Hunter,41 Aft Cockpit,1,126617.95690665119,72377.29841056143,221507.3975305376,0.20177134958507498
monohull,Hunter,41 DS,14,130996.12696150182,102219.03089029057,167874.66217842879,0.12226477327131922
monohull,Hunter,41 Deck Salon,2,99845.8782257596,96485.44309519492,103323.35198831349,0.014261875392161727
monohull,Hunter,44,3,160750.5646360292,145510.20863501373,177587.15538384713,0.04401160058781381
monohull,Hunter,44 DS,3,160609.18163281694,145013.41951031983,177882.22160313564,0.045133923194725596
monohull,Hunter,44 Deck Salon,1,127859.4180010899,73086.94183154585,223679.22862687465,0.20177134958507498
monohull,Hunter,45 Center Cockpit,6,188526.20798999936,141751.95872961666,250734.6735637211,0.1346965606403461
monohull,Hunter,45 DS,2,207934.8692804096,146554.08425578394,295023.57496362046,0.14573229479672545
monohull,Hunter,45cc,2,187263.50919146728,169091.03263853356,207389.01009414802,0.042524283548222463
monohull,Hunter,466,1,149387.57398701122,85392.85647500266,261340.91518835162,0.20177134958507498
monohull,Hunter,49,6,248968.98853306696,187328.3557339942,330892.54965328245,0.134369256624512
monohull,Hunter,50,2,277817.60384679155,252610.1941831032,305540.40487862256,0.03962392544607862
monohull,Hunter,50 Center Cockpit,3,291606.3115458095,254689.59857919154,333874.02315494133,0.059808377695350246
monohull,Hunter,AC 50,1,283120.68497847865,161837.3159977398,495295.67249992216,0.20177134958507498
monohull,Hunter,M-H 40,1,178388.33809583323,101970.25994381704,312075.2971123798,0.20177134958507498
monohull,Hunter,OV,1,198889.1676581687,113688.93472855662,347939.7630579008,0.20177134958507498
monohull,Hunter,Passage 456,1,176407.48477917528,100837.96548014156,308609.96191204863,0.20177134958507498
monohull,Hylas,46,3,330728.6210988606,231775.56345395668,471928.1842483055,0.15709022971197184
monohull,Hylas,49,1,284804.3538266461,162799.73401194153,498241.1086289838,0.20177134958507498
monohull,Island Packet,370,1,187780.22874459688,107338.84816567629,328505.61478866945,0.20177134958507498
monohull,Island Packet,420,2,261293.97746098152,208520.68815508825,327423.3519054973,0.09398369868912226
monohull,Island Packet,440,5,303212.7416295796,244645.47492493794,375800.8061041579,0.09996148836971294
monohull,Island Packet,445,2,251293.2575298287,251283.5577442569,251302.95768982152,1.6080071611135338e-05
monohull,Island Packet,465,3,312919.89737597655,305061.07522150944,320981.1743523533,0.011238551144528682
monohull,Island Packet,485,3,446621.3199814885,285749.16976381163,698061.8828285005,0.19732860698008858
monohull,Island Packet,SP Cruiser,3,253690.11256571324,244052.6271568586,263708.17623790365,0.017112664542608017
monohull,J Boats,J 122,10,209924.88542601131,174792.60807170992,252118.5421241874,0.08909504874032921
monohull,J boats,J 122,1,132884.85962566137,75959.58246635426,232470.81335068398,0.20177134958507498
monohull,Jeanneau,39i,1,95376.1903061702,54518.894126063424,166852.57144586954,0.20177134958507498
monohull,Jeanneau,409,1,180718.9139043281,103302.46261775712,316152.44220853643,0.20177134958507498
monohull,Jeanneau,42 DS,1,150730.97430535106,86160.77034836431,263691.080327855,0.20177134958507498
monohull,Jeanneau,45 Sun Odyssey Performance,1,145642.9607385133,83252.36236863756,254790.0312877003,0.20177134958507498
monohull,Jeanneau,469,1,303491.52619306924,173481.68690280482,530932.7348344412,0.20177134958507498
monohull,Jeanneau,49i,1,229420.3602605893,131141.16103042994,401351.50008230814,0.20177134958507498
monohull,Jeanneau,509,1,256210.61547501376,146454.99441963102,448218.7838128542,0.20177134958507498
monohull,Jeanneau,51,4,388467.9885201491,316975.08002555027,476085.93739522534,0.0928139839835851
monohull,Jeanneau,53,43,240276.85914413768,157848.76379441938,365748.6295892859,0.21191455708851065
monohull,Jeanneau,SUN ODYSSEY 40.3,1,100652.35374480099,57534.85224914553,176082.77276003626,0.20177134958507498
monohull,Jeanneau,Sun Odyessy 41DS,1,205243.54458346977,117321.22074999961,359056.20759735303,0.20177134958507498
monohull,Jeanneau,Sun Odyssey  42 DS,1,116155.81639871858,66396.93445543839,203204.76832116328,0.20177134958507498
monohull,Jeanneau,Sun Odyssey 389,12,169105.5679354694,130859.22446436677,218530.20468239585,0.1256847803719973
monohull,Jeanneau,Sun Odyssey 39 DS,8,109594.12248802399,90169.48851514634,133203.2806407953,0.09384444182241823
monohull,Jeanneau,Sun Odyssey 39i,21,99366.61862434466,75956.69018331046,129991.51059646167,0.1339164091372681
monohull,Jeanneau,Sun Odyssey 39i Performance,1,99196.05836342767,56702.40535167042,173535.10726420482,0.20177134958507498
monohull,Jeanneau,Sun Odyssey 40,1,97960.33396499882,55996.04113822608,171373.3120319317,0.20177134958507498
monohull,Jeanneau,Sun Odyssey 40.3,12,112239.16136841766,87499.06803399746,143974.44027393448,0.12205874162382897
monohull,Jeanneau,Sun Odyssey 40.9,1,135536.32618552356,77475.21256430515,237109.3296532912,0.20177134958507498
monohull,Jeanneau,Sun Odyssey 409,26,136383.1109280635,89549.56361957836,207710.14614246378,0.2106183021560476
monohull,Jeanneau,Sun Odyssey 410,1,230394.92284022862,131698.24004488857,403056.4148196838,0.20177134958507498
monohull,Jeanneau,Sun Odyssey 419,14,209019.75096353455,164779.4455318757,265137.7794835858,0.11722284811196258
monohull,Jeanneau,Sun Odyssey 41DS,2,186755.84923340424,169906.30001364028,205276.3624426521,0.03938972633345461
monohull,Jeanneau,Sun Odyssey 42,2,135514.56004470447,129941.26967200395,141326.8935301654,0.017494902328793138
monohull,Jeanneau,Sun Odyssey 42 DS,13,148096.40148864035,111317.27880165745,197027.31121341418,0.14035427645944204
monohull,Jeanneau,Sun Odyssey 42i,23,124932.46680770768,77626.0953448429,201067.9681017333,0.23767869582775525
monohull,Jeanneau,Sun Odyssey 42i Performance,2,128372.44801658277,122214.59172710952,134840.57162803403,0.02047795951217868
monohull,Jeanneau,Sun Odyssey 43 DS,3,149083.5954555078,117807.16749224436,188663.54999499256,0.10403708013657174
monohull,Jeanneau,Sun Odyssey 439,27,166080.22468197023,112994.24323083482,244106.6043874944,0.19295620359738688
monohull,Jeanneau,Sun Odyssey 44 DS,8,244400.69136808327,181618.1334482098,328886.20099286607,0.14281764736533967
monohull,Jeanneau,Sun Odyssey 440,8,264017.73310160113,185539.91205069207,375689.32000497996,0.16967977408447726
monohull,Jeanneau,Sun Odyssey 449,9,220608.52203949887,148802.05569768534,327066.18042514793,0.19059473386745157
monohull,Jeanneau,Sun Odyssey 44i,15,142906.51983089262,98509.60255722549,207312.51451668123,0.18378722665005667
monohull,Jeanneau,Sun Odyssey 45,27,129224.09430088001,92266.66326986816,180984.8319651561,0.16877297158969995
monohull,Jeanneau,Sun Odyssey 45 DS,18,182506.6798786431,146260.1433448469,227735.91929136487,0.10994636331280319
monohull,Jeanneau,Sun Odyssey 45 Performance,1,139286.4069205554,79618.83199281324,243669.7784588166,0.20177134958507498
monohull,Jeanneau,Sun Odyssey 469,25,197971.26723107853,94223.93257673243,415951.887989414,0.3714438071269489
monohull,Jeanneau,Sun Odyssey 479,8,238361.48401714014,173314.83325030984,327820.74100256956,0.15329236870679425
monohull,Jeanneau,Sun Odyssey 48 DS,1,170143.1629484085,97257.15671050183,297651.0611374146,0.20177134958507498
monohull,Jeanneau,Sun Odyssey 49,14,170152.04651111137,119583.65052805816,242104.32449648628,0.17383554758012762
monohull,Jeanneau,Sun Odyssey 49 DS,16,201299.69301950143,130965.02692721612,309407.5369622563,0.21277031181951825
monohull,Jeanneau,Sun Odyssey 49 Owners Version,2,280547.1166356135,163514.0168647167,481345.1847230595,0.2248877232204043
monohull,Jeanneau,Sun Odyssey 49 Owners version,1,185280.6500025195,105910.0401124125,324132.8133661318,0.20177134958507498
monohull,Jeanneau,Sun Odyssey 490,4,340929.27111181157,247184.68964310578,470226.40467195684,0.14673135161587797
monohull,Jeanneau,Sun Odyssey 49DS,1,183918.59489732116,105131.46279834915,321750.01325612766,0.20177134958507498
monohull,Jeanneau,Sun Odyssey 49i,18,144937.7473282755,101331.50406074907,207309.17591039793,0.1777352321414396
monohull,Jeanneau,Sun Odyssey 49i Performance,2,173853.91042860824,109864.20806114093,275114.0039574837,0.19119776306717817
monohull,Jeanneau,Sun Odyssey 50 DS,28,212780.35210488216,141134.24319447952,320797.2581075815,0.20582060222450396
monohull,Jeanneau,Sun Odyssey 509,23,248758.3651262289,166997.49210783467,370548.8234536852,0.19903710622496645
monohull,Jeanneau,Sun Odyssey 519,13,348234.059199128,232368.53228622113,521873.4171670482,0.19889507715128354
monohull,Jeanneau,Sun Odyssey 53,4,400086.17820750247,336597.0689254922,475550.6353744205,0.07885260787761447
monohull,Jeanneau,Sun Odyssey 54 DS,42,287357.65871845355,189412.14363198925,435951.05593961227,0.21016698652976623
monohull,Malo,40,2,229658.3601801005,197013.03806060003,267713.05554097064,0.06387123842738696
monohull,Malo,40 Classic MK Il,1,211598.8847970052,120954.05740582099,370174.3373280299,0.20177134958507498
monohull,Malo,40 classic,1,218070.5202697519,124653.37070433433,381495.9157704249,0.20177134958507498
monohull,Malo,43 Classic,1,239443.7062814004,136870.701482227,418886.49547995784,0.20177134958507498
monohull,Malo,46,1,270535.8081273144,154643.5544684141,473279.4957454758,0.20177134958507498
monohull,Maxi,1200,1,270629.0851989984,154696.87346531686,473442.67608658044,0.20177134958507498
monohull,Maxi,1300,4,233139.86191511515,193727.6861259866,280570.0945524683,0.0845074186221583
monohull,Moody,45 Classic,2,341822.71045992034,141749.36650934338,824291.2703138244,0.3666868393043332
monohull,Moody,45 DS,3,304685.4688327115,258647.5491274827,358917.8990134308,0.07238102202760113
monohull,Moody,45 DS e,1,275949.56988159544,157738.16647753192,482750.4136653192,0.20177134958507498
monohull,Moody,49,1,277558.908567883,158658.09591871675,485565.8154681424,0.20177134958507498
monohull,Moody,54,1,831468.1572147682,475283.4463912574,1454583.158137189,0.20177134958507498
monohull,Morris,M42,2,319934.3763181918,272839.3333837804,375158.53700658295,0.06633318253604159
monohull,Morris,M42X,1,415672.2654043155,237606.38956086227,727183.4421022489,0.20177134958507498
monohull,Morris,Ocean Series 48,1,349846.2482215916,199978.95183237936,612026.3971445942,0.20177134958507498
monohull,Najad,380,1,144157.43794754235,82403.20851270335,252191.23491284746,0.20177134958507498
monohull,Najad,440 CC,1,221305.52333630685,126502.56167240333,387155.279795736,0.20177134958507498
monohull,Najad,505,1,548727.1016432588,313663.13398088317,959951.6151495271,0.20177134958507498
monohull,Nauticat,385,1,175536.69212298808,100340.20338169724,307086.5838717369,0.20177134958507498
monohull,Nauticat,42,1,310571.14798865834,177528.53706412148,543317.9338832425,0.20177134958507498
monohull,Nauticat,44,1,229078.83808283295,130945.94027993623,400754.0359418186,0.20177134958507498
monohull,Nauticat,441,2,323433.52712362946,248888.99384867883,420304.83088067995,0.1091383582528529
monohull,Nauticat,441 Ketch,1,290025.8096127921,165784.42017182056,507375.60353607393,0.20177134958507498
monohull,Nautor,Swan 46,1,297173.0260226694,169869.90873553138,519879.05364075897,0.20177134958507498
monohull,Nautor,Swan 50,1,675772.0892321044,386284.5314739976,1182206.066710863,0.20177134958507498
monohull,Nautor,Swan 54,1,804454.7532361674,459842.05680790095,1407325.494533026,0.20177134958507498
monohull,Nautor,Swan ClubSwan 50,1,626394.7818230516,358059.49767654174,1095824.647136164,0.20177134958507498
monohull,Nordship,380DS,1,169057.23331121693,96636.41810972159,295751.3191599561,0.20177134958507498
monohull,Nordship,DSC 38,1,139589.59731745705,79792.1415483287,244200.18439344602,0.20177134958507498
monohull,Oyster,46,1,353229.3078637749,201912.77483225247,617944.7736161328,0.20177134958507498
monohull,Oyster,475,2,681188.0911390143,614184.361845419,755501.5144237754,0.04313406458359559
monohull,Oyster,53,1,447649.1514308897,255885.00247429096,783124.2973957763,0.20177134958507498
monohull,Oyster,54,4,584103.1393748944,360061.85717098246,947549.6241347025,0.2207782783543726
monohull,Oyster,545,1,745097.3167327325,425912.1861982972,1303484.683915197,0.20177134958507498
monohull,Passport,470,1,343375.4969599747,196280.1439662262,600706.3655547233,0.20177134958507498
monohull,Passport,470 Center Cockpit,2,389861.7814715046,346116.9542623342,439135.4043203991,0.04957947776028693
monohull,Passport,545 Aft Cockpit,1,792177.8041493883,452824.3128059173,1385848.011336608,0.20177134958507498
monohull,Passport,Vista 515 Center Cockpit,1,440892.99855133035,252023.05346628616,771304.9798342637,0.20177134958507498
monohull,Passport,Vista 545 Center Cockpit,2,753471.6615314721,704500.6709857084,805846.7054923702,0.02799505350345477
monohull,Poncin,HARMONY 47,2,138223.85198584403,61859.67075110795,308857.6616367186,0.3349327471236405
monohull,Poncin,harmony 52,3,157323.7441423446,119610.58502019203,206927.84394280502,0.12109527428982324
monohull,RM Yachts,1260,1,247031.6593682105,141208.12374291228,432160.977093038,0.20177134958507498
monohull,RM Yachts,RM 12.70,1,332256.1036073428,189924.08144168885,581253.9281293136,0.20177134958507498
monohull,RM Yachts,RM 1200,1,152613.83785234767,87237.05194488235,266984.99072089524,0.20177134958507498
monohull,RM Yachts,RM 1270,1,368391.24191439286,210579.63261508555,644469.2937958263,0.20177134958507498
monohull,RM Yachts,rm 12.60,2,220707.70368036162,182760.804706714,266533.57399048924,0.0785923776909323
monohull,Rustler,42,2,258060.89116662784,250586.23171375148,265758.50993197074,0.012244311734935565
monohull,Rustler,44,1,277138.1594393407,158417.58749497915,484829.75048373133,0.20177134958507498
monohull,Sabre,386,1,173369.50144365075,99101.39484029402,303295.267228661,0.20177134958507498
monohull,Sabre,426,4,254876.99725089525,238071.11371019116,272869.2394269755,0.031127726832784475
monohull,Sabre,456 MK II,1,365099.150075208,208697.80858900902,638710.057795304,0.20177134958507498
monohull,Salona,38,2,164257.55997218247,159288.11853811564,169382.037126385,0.012797773594481754
monohull,Salona,40,1,107565.46508800388,61486.52178209587,188176.6758673235,0.20177134958507498
monohull,Salona,42,1,181698.79680238635,103862.58283018839,317866.6643926267,0.20177134958507498
monohull,Salona,44,2,238309.05231341626,146612.25287919326,387356.4678206933,0.20236493008091117
monohull,Salona,45,5,127957.9980025862,85747.0513265674,190948.248359846,0.18644008750377467
monohull,Salona,S380,1,206171.20511666185,117851.48963819565,360679.0711746785,0.20177134958507498
monohull,Salona,S41,1,240241.57443061197,137326.77850746558,420282.29826829897,0.20177134958507498
monohull,ShearWater,39,2,165965.45901952434,96311.86855163804,285993.13876662345,0.22669783107713926
monohull,Sly,42,2,172940.76641141466,171721.17093794048,174169.0236772048,0.0029481704330027725
monohull,Sly,47,1,267243.882149665,152761.82525203237,467520.5499056699,0.20177134958507498
monohull,Sly,48C,1,282317.47813096293,161378.18726822705,493890.5301108132,0.20177134958507498
monohull,Sly,53,4,343318.5676724732,266764.60099856195,441841.3780069491,0.11513110589702907
monohull,Solaris,42,1,243809.42378953935,139366.23092040725,426523.94870702503,0.20177134958507498
monohull,Solaris,44,2,326686.0983627668,285663.7074933543,373599.4600083043,0.05589856191591913
monohull,Solaris,48,2,321583.36497364286,251307.7892043625,411510.7651664304,0.10271958999304776
monohull,Solaris,48 ONE,1,318679.69439467706,182163.54063898546,557503.1494405981,0.20177134958507498
monohull,Solaris,50,1,607206.8262340889,347091.287309865,1062256.9430736494,0.20177134958507498
monohull,Solaris,One 44,1,270663.35798200173,154716.46445780635,473502.63341928954,0.20177134958507498
monohull,Southerly,135,1,297619.8823738533,170125.34055789237,520660.79100123234,0.20177134958507498
monohull,Southerly,38,2,232499.63292180127,203852.27535774704,265172.8032660296,0.05477736218408058
monohull,Southerly,42 RST,1,236562.45244880996,135223.72048890934,413845.9857949648,0.20177134958507498
monohull,Southerly,420,2,332951.8292484874,319947.033635013,346485.22707160504,0.01659752604298692
monohull,Southerly,48,1,696697.5194865611,398245.9163114799,1218813.3356252455,0.20177134958507498
monohull,Southerly,535,1,775709.2690834221,443410.57635040814,1357037.7032829726,0.20177134958507498
monohull,Sunbeam,39,1,138633.90325046732,79245.84814441037,242528.27852175088,0.20177134958507498
monohull,Sunbeam,42.1,1,256443.25636655372,146587.97649927318,448625.76935979514,0.20177134958507498
monohull,Sunbeam,53,1,324207.7874869468,185323.5066750474,567174.0803582243,0.20177134958507498
monohull,Sweden Yachts,42,1,168299.4428862664,96203.25029482985,294425.6289576722,0.20177134958507498
monohull,Sweden Yachts,45,1,234113.96110951176,133824.11499337357,409562.55745909415,0.20177134958507498
monohull,Sweden Yachts,54,1,411920.14808919263,235461.60598337735,720619.4304722487,0.20177134958507498
monohull,Tartan,4000,1,270565.5625064206,154660.56265294185,473331.54851304507,0.20177134958507498
monohull,Tartan,4300,6,330382.0642181795,235488.56511433184,463514.2615271822,0.1599341934549539
monohull,Tartan,4400,3,298836.1753097271,241561.24238240777,369691.1755917084,0.09401345643991345
monohull,Tayana,48,1,292976.6479375078,167471.17702058828,512537.8453997855,0.20177134958507498
monohull,Tayana,52 DS,1,366661.09778233484,209590.64842043797,641442.5530916824,0.20177134958507498
monohull,Tayana,Pilothouse,1,256620.78981169523,146689.45808569883,448936.3490940497,0.20177134958507498
monohull,Tofinou,12,3,196410.85980041078,172606.86628384373,223497.6318039296,0.05708350305447895
monohull,Tofinou,16,2,421091.1794095578,392543.23428953654,451715.2911766766,0.029245035498072447
monohull,Triplast,Y 40,3,156913.79591228158,108856.29833220312,226187.54931810143,0.1615702660380869
monohull,Van De Stadt,Beluga 46,1,198218.37695787317,113305.49765634013,346766.2715094651,0.20177134958507498
monohull,Van De Stadt,Norman 41,1,174668.14459861253,99843.72464446862,305567.13349948154,0.20177134958507498
monohull,Van De Stadt,Stainless Steel Cutter,1,432628.54316344013,247298.92927076548,756847.0147106563,0.20177134958507498
monohull,Vismara,52 Carbon,1,355178.97342858923,203027.24176753403,621355.5484846241,0.20177134958507498
monohull,Vismara,54,1,445916.1651156035,254894.39363217104,780092.5845326625,0.20177134958507498
monohull,Vismara,V50,2,389788.24838774407,377974.30407862767,401971.4486982152,0.012821255907580209
monohull,Vismara,V50 DS,1,489025.62929153384,279536.6057575889,855508.9429373895,0.20177134958507498
monohull,Vismara,V50 Mills,1,529444.4558993815,302640.79687131604,926218.2586764123,0.20177134958507498
monohull,Vismara,V52,2,364721.11263900466,364703.60907962924,364738.6170384447,1.9992826106651762e-05
monohull,Wauquiez,Centurion 40s,8,156789.9359558662,127864.93795143401,192258.2094114169,0.09809658093828
monohull,Wauquiez,Opium 39,1,213601.30774458227,122098.68149202222,373677.4067718074,0.20177134958507498
monohull,Wauquiez,Pilot Saloon 40,1,167011.82085867744,95467.22038242551,292173.0432162635,0.20177134958507498
monohull,Wauquiez,Pilot Saloon 41,3,180231.7297669242,147645.5712895138,220009.8257676941,0.08811755347726326
monohull,Wauquiez,Pilot Saloon 42,1,388744.45314919937,222213.9258791984,680075.5139730724,0.20177134958507498
monohull,Wauquiez,Pilot Saloon 47,3,284392.89210338984,225592.81727282936,358519.0258124035,0.10234344649553904
monohull,Wauquiez,Pilot Saloon 48,3,556785.2507540089,443327.74463757314,699279.075598217,0.10068441963479592
monohull,X-Yachts,40,1,190995.13532570872,109176.55158996038,334129.8217138443,0.20177134958507498
monohull,X-Yachts,41,2,214343.02018790095,193565.7642981716,237350.4967154199,0.0424746136787455
monohull,X-Yachts,50,1,360944.81776161725,206323.11105871268,631442.4050725632,0.20177134958507498
monohull,X-Yachts,X 4.3,1,447700.2015368492,255914.18371242806,783213.6052348145,0.20177134958507498
monohull,X-Yachts,X-40,6,193170.23951221863,163659.30121565342,228002.57092652726,0.07830975378838302
monohull,X-Yachts,X-41 One Design,1,221410.66722956294,126562.66397640634,387339.2201366669,0.20177134958507498
monohull,X-Yachts,X-43,1,229892.38996755367,131410.98243486782,402177.2760978212,0.20177134958507498
monohull,X-Yachts,X-46,2,273493.42305882357,250641.53308810576,298428.8020219672,0.03634818280766616
monohull,X-Yachts,X-50,4,369195.0905274223,310294.65233200206,439276.0682311437,0.07931327069776561
monohull,X-Yachts,X-50 Modern,1,392653.22062283533,224448.25374839167,686913.5717951193,0.20177134958507498
monohull,X-Yachts,X-55,1,518887.4074121245,296606.1816606134,907749.5959910712,0.20177134958507498
monohull,X-Yachts,X4,1,508325.52345284785,290568.80239961436,889272.4740567493,0.20177134958507498
monohull,X-Yachts,X4.6,1,597763.3757787173,341693.22649501805,1045736.4258801831,0.20177134958507498
monohull,X-Yachts,XP50,5,539530.585215124,410444.86580812745,709214.0178424179,0.1273631301894775
monohull,X-Yachts,Xc 38,1,341790.04061536194,195373.86613822778,597932.743887045,0.20177134958507498
monohull,X-Yachts,Xc 42,2,291741.9906302161,272720.420442582,312090.2679702369,0.028086919353169648
monohull,X-Yachts,Xc 50,3,488345.8263071519,406436.29567684996,586762.6700869928,0.08112210753150845
monohull,X-Yachts,Xp 38,3,247614.27631250024,209996.33463140283,291970.9524520172,0.07280893025656586
monohull,X-Yachts,Xp 44,5,444234.9359442855,338096.87048728194,583692.7092196994,0.12715970862032014
monohull,Zuanelli,40,2,177787.58808493524,141332.22668140524,223646.27812955313,0.09559515970671573
monohull,Zuanelli,52 DH,1,309238.3324066179,176766.673632865,540986.285843908,0.20177134958507498
catamaran,Alliaura,Feeling 39 DI,2,243908.52155469355,208371.64560327865,285506.0568090092,0.06559883511533293
catamaran,Antares,44GS,1,713170.1792793028,461012.10932295735,1103250.2060742404,0.15740188376886355
catamaran,Antares,44i,3,482421.9616983883,352301.7735219129,660601.1284085844,0.13888707919098256
catamaran,Bali,4.0,8,363853.66277889546,268124.8914307549,493760.5278315186,0.14685639864560404
catamaran,Bali,4.0999999999999996,16,459191.14648682816,353232.9230557215,596933.3412860433,0.1298500526709066
catamaran,Bali,4.3,14,462078.7830253448,398453.76018723083,535863.4377596374,0.07302073912722198
catamaran,Bali,4.3 LOFT,1,544411.2940189791,351921.8922593754,842185.9042431408,0.15740188376886355
catamaran,Bali,4.5,12,501617.5922257479,361922.0879175451,695233.0825624603,0.1600018971724212
catamaran,Bali,4.6,1,546210.5638631345,353084.98798350326,844969.3139874373,0.15740188376886355
catamaran,Bali,5.4,2,1187804.5119548806,709345.28067721,1988988.4334937835,0.21475506795547883
catamaran,Broadblue,385,11,212946.19294232718,179099.52870077445,253189.282057752,0.08455539040636839
catamaran,Broadblue,415,3,329017.26008820644,286282.47244290647,378131.27891557995,0.06147508828620861
catamaran,Broadblue,435,1,294332.40968295524,190264.27208043242,455322.30745429883,0.15740188376886355
catamaran,Catana,47,2,482946.38922886725,481711.67908213043,484184.2641507438,0.0010664000285736108
catamaran,Catana,47 Ocean Class,1,409698.6537569878,264840.07049503166,633789.9947562395,0.15740188376886355
catamaran,Catana,50,3,591069.4977133514,410536.5799266849,850991.5272093513,0.16104032604918478
catamaran,Chris White,Atlantic 48,1,549181.552621743,355005.51387504436,849565.3333603889,0.15740188376886355
catamaran,Chris White,Atlantic 49MF,1,865218.7268057218,559300.3211008003,1338464.179212221,0.15740188376886355
catamaran,Chris White,MastFoil 40,1,384290.32839098695,248415.45542884752,594484.1726530642,0.15740188376886355
catamaran,Dix Harvey,DH550,3,946716.7025055218,946716.7025055218,946716.7025055218,0.0
catamaran,Dolphin Ocema,Ocema 42,2,307064.7218953651,229097.00437657879,411566.8980013835,0.12202167817907483
catamaran,Fountaine Pajot,Astrea 42,3,571949.7163315814,381517.62373202574,857434.7753894243,0.17890230551756514
catamaran,Fountaine Pajot,Athena 38,5,172985.43146626328,149407.59548908015,200284.05785940343,0.0682460762288336
catamaran,Fountaine Pajot,Bahia 46,6,296286.46427469887,192977.52037537922,454901.00992924994,0.20252459396329456
catamaran,Fountaine Pajot,Belize 43,1,305290.15657598694,197347.6501511316,472273.57220020186,0.15740188376886355
catamaran,Fountaine Pajot,Helia 44,28,492877.89212602924,368185.1056214377,659800.227759276,0.1462258352334946
catamaran,Fountaine Pajot,Helia 44 Evolution,1,471472.05610445526,304772.03532429656,729351.3640476774,0.15740188376886355
catamaran,Fountaine Pajot,Helia 44 Maestro,1,473512.804179272,306091.2289780732,732508.3324677007,0.15740188376886355
catamaran,Fountaine Pajot,Lavezzi 40,12,212613.14429243296,179118.6686294701,252370.95313289706,0.08403088474938948
catamaran,Fountaine Pajot,Lipari 41,22,262856.75162837136,178449.4667367216,387189.0072866276,0.19326048040555788
catamaran,Fountaine Pajot,Lucia 40,11,400741.77726110816,321585.5766926964,499381.76237255015,0.10749248348302565
catamaran,Fountaine Pajot,Lucia 40 Owner's Version,1,424133.43372189923,274171.0949161052,656120.1123545637,0.15740188376886355
catamaran,Fountaine Pajot,Orana 44,17,322077.5533583226,256251.86159807185,404812.4752357455,0.11336221836503153
catamaran,Fountaine Pajot,Pajot Bahia 46,1,336840.20821652736,217742.43989227337,521080.4376376408,0.15740188376886355
catamaran,Fountaine Pajot,SABA 50,19,696791.75328572,528637.5748612661,918434.0473232643,0.13734203284903163
catamaran,Fountaine Pajot,SABA 50 Maestro,2,766036.3056450041,607805.8754632501,965458.9487457607,0.09638576247996777
catamaran,Fountaine Pajot,Salina 48,18,378610.0234618577,266787.0007278716,537303.3523923601,0.17383653623831374
catamaran,Fountaine Pajot,Salina 48 Evolution,1,520818.64493326837,336670.9784725551,805688.8720874345,0.15740188376886355
catamaran,Fountaine Pajot,Saona 47,11,722292.6236359945,680209.5459648665,766979.289329049,0.029323377043124352
catamaran,HH Catamarans,HH55 Catamaran,1,1601375.744944404,1035171.7324208469,2477274.2494611437,0.15740188376886355
catamaran,Knysna,440,2,259852.19337236247,226046.09472957917,298714.1294398657,0.058060424038144376
catamaran,Lagoon,380,20,246711.7318843546,169209.2334054669,359712.51346270303,0.18775349521474663
catamaran,Lagoon,380 Owners Version,1,274576.28439507337,177493.38897898392,424760.24817538983,0.15740188376886355
catamaran,Lagoon,380 S2,3,226422.95083358453,172720.196283083,296823.1496226547,0.11962275972059756
catamaran,Lagoon,39,34,311061.00179734826,242781.43678599896,398543.4311621552,0.1246231583421469
catamaran,Lagoon,40,17,418620.22515848326,363200.21119513037,482496.6712852198,0.07041265960779734
catamaran,Lagoon,400,75,312731.4071470653,240673.3825045747,406363.72829606343,0.13274244144931702
catamaran,Lagoon,400 Owners Version,1,244222.71171614222,157872.03495610147,377804.29532419064,0.15740188376886355
catamaran,Lagoon,400 S2,17,317929.7133334007,276752.32374559256,365233.79913216754,0.0687751667572798
catamaran,Lagoon,410,2,234421.58507030798,201907.79074055524,272171.1695488215,0.06219955487608875
catamaran,Lagoon,410-S2,3,247411.3677499991,188797.36538957997,324222.6646839835,0.11946648506524453
catamaran,Lagoon,42,85,475763.9510365246,369024.9353989856,613376.808429371,0.12886541559096204
catamaran,Lagoon,42 Owners Version,5,477221.1694070295,396017.6853374726,575075.4397146192,0.0868723283570069
catamaran,Lagoon,420,28,317356.85160784714,245281.8040654396,410610.85491516895,0.12915225083813545
catamaran,Lagoon,421,20,371646.1351658631,286819.03910933895,481560.9529012807,0.1290033647064192
catamaran,Lagoon,440,58,344763.2880648185,271930.19325865834,437103.814669835,0.12004742349249002
catamaran,Lagoon,450,146,452917.0677371598,359911.8148871543,569955.9218747626,0.11687084472719372
catamaran,Lagoon,450 Owners Version,2,510083.7823945974,422907.052056605,615230.8498917012,0.07807647393731809
catamaran,Lagoon,450F,55,533709.2888271975,424819.00556215044,670510.5027104546,0.11537832021803579
catamaran,Lagoon,450S,12,577841.9588183707,536145.944015942,622780.6683941326,0.036712155039287334
catamaran,Lagoon,450s,1,527862.8960085907,341224.5691037795,816586.0908387032,0.15740188376886355
catamaran,Lagoon,45F,1,545779.9814523757,352806.6480988745,844303.2175251852,0.15740188376886355
catamaran,Lagoon,46,2,658088.9252116255,656406.930290032,659775.2301226262,0.0010660902975372366
catamaran,Lagoon,50,8,803491.5845468573,689976.4511941384,935682.2617935516,0.07326455700077246
catamaran,Lagoon,50 Owners Version,1,389584.0219010422,251837.43924433185,602673.337911999,0.15740188376886355
catamaran,Lagoon,500,33,504513.5934345028,378396.10209014773,672665.4015573224,0.14458749107672575
catamaran,Lagoon,50F,3,850874.4666987563,625839.8875796217,1156825.2079295353,0.13572298752224812
catamaran,Lagoon,52,29,900520.215148633,693190.5384829495,1169861.1173575432,0.13126000749302277
catamaran,Lagoon,52 Sport,2,976374.325034476,796931.8585349881,1196221.248249514,0.08459773770031287
catamaran,Lagoon,52F,17,840145.3001464813,440604.34091818717,1601990.856211933,0.32002186162068796
catamaran,Lagoon,570,1,736009.7194908223,475776.1935693283,1138582.2042103142,0.15740188376886355
catamaran,Leopard,38,1,182944.62048973184,118260.25236569626,283009.15562598855,0.15740188376886355
catamaran,Leopard,39,8,233788.1506514789,86776.30151280727,629859.7477903782,0.4767351466861156
catamaran,Leopard,40,11,313876.1032413351,207924.47699676736,473817.2706212791,0.2011688246510686
catamaran,Leopard,43,1,232344.97429939354,150193.95062283182,359429.8362771703,0.15740188376886355
catamaran,Leopard,44,29,365898.91960166564,254617.19305217118,525816.885186672,0.18188848107834898
catamaran,Leopard,45,4,549592.2041318859,436815.0749294319,691486.1875848525,0.10480615812591854
catamaran,Leopard,46,8,335182.3622088523,152939.9131679146,734584.0180552404,0.3774264837682906
catamaran,Leopard,47,3,253010.498681413,101680.45692689715,629563.579646777,0.40278835520255457
catamaran,Leopard,48,21,428732.17093690136,223859.81928293456,821099.8962880018,0.32391436338881724
catamaran,Leopard,48 Crewed Version,2,474267.03915590513,453301.76370912493,496201.9617775889,0.01883461321679114
catamaran,Leopard,Sunsail 404,1,220755.51768339137,142702.21864120392,341501.33790275163,0.15740188376886355
catamaran,Maine Cat,41,2,394470.71986412525,344211.7148309073,452068.1375024165,0.05677483918332804
catamaran,Manta,42 MK II,4,265161.91278900346,247364.24768353492,284240.10604748,0.031705935141198724
catamaran,Manta,42 MK IV,2,293475.38383168646,293475.38383168646,293475.38383168646,0.0
catamaran,Nautitech,40,12,210651.5726935883,179453.35739371716,247273.64103267368,0.07857233324968023
catamaran,Nautitech,40 Open,20,385468.9350246278,314594.1608094889,472311.0546193551,0.10116358227703728
catamaran,Nautitech,40.2,2,217088.98247674815,181720.0848779238,259341.86826100887,0.07408449192762401
catamaran,Nautitech,40.200000000000003,1,221044.7266426333,142889.17097910165,341948.734405231,0.15740188376886355
catamaran,Nautitech,402,1,245475.4599777606,158681.84464153025,379742.2546191044,0.15740188376886355
catamaran,Nautitech,44,1,329669.5014775758,213107.10496786435,509987.5962411584,0.15740188376886355
catamaran,Nautitech,441,9,302068.6697713367,234869.6968071681,388494.0564824713,0.1217913307285924
catamaran,Nautitech,442 Owners Version,2,382828.21432552976,382300.27579187247,383356.8819172416,0.0005748802013929577
catamaran,Nautitech,46 Fly,9,590213.2555891206,485529.29049561673,717467.9136608203,0.09450255685400016
catamaran,Nautitech,46 Open,10,588135.3815320317,476729.6479240844,725575.2364386428,0.10216040684996393
catamaran,Nautitech,46 open,1,533463.8797877028,344845.1934951436,825250.6237763653,0.15740188376886355
catamaran,Nautitech,47,8,380422.38276863866,244940.2626215991,590842.7947386669,0.21177983468810746
catamaran,Nautitech,542,3,814734.6785346897,599550.6569952089,1107150.1442993642,0.13550736731654894
catamaran,Nautitech,Open 40,1,344966.8521221023,222995.71794213753,533652.081579032,0.15740188376886355
catamaran,Outremer,45,3,807527.2373235722,660783.7250680319,986858.8076262063,0.0886130414136815
catamaran,Outremer,49,4,668549.8683898808,543041.7323133345,823065.5213552392,0.09488449587513803
catamaran,Privilege,435,4,303059.2984998778,278119.38607741165,330235.6577965189,0.03918961174455453
catamaran,Privilege,495,5,403154.0098097714,340796.1467108766,476921.9288256405,0.07826198920844339
catamaran,Privilege,Series 5,5,1182035.1625995191,1030554.3762249011,1355782.0507636704,0.06387338336483446
catamaran,Seawind,1160,2,274622.09380897577,188777.61170296845,399503.38245983847,0.15614509134908783
catamaran,Seawind,1190 Sport,2,428193.2857968668,428193.2857968668,428193.2857968668,0.0
catamaran,Seawind,1250,1,392049.8945757461,253431.44470910868,606487.9597449942,0.15740188376886355
catamaran,Seawind,1260,2,554217.5905671462,554217.5905671462,554217.5905671462,0.0
catamaran,Voyage Yachts,500,3,438515.5859248574,278465.3164695956,690556.0862550613,0.20064475996298387
catamaran,Voyage Yachts,500 Owner's Version,1,589580.1352265981,381120.22859733243,912060.5776637245,0.15740188376886355
catamaran,Voyage Yachts,Voyage 480,1,637090.4984746173,411832.1868536398,985557.5066814355,0.15740188376886355
catamaran,Voyage Yachts,Voyage 520 DC,1,636602.2969335573,411516.6004357581,984802.2753685887,0.15740188376886355
